flow_duration,Header_Length,Protocol Type,Duration,Rate,Srate,Drate,fin_flag_number,syn_flag_number,rst_flag_number,psh_flag_number,ack_flag_number,ece_flag_number,cwr_flag_number,ack_count,syn_count,fin_count,urg_count,rst_count,HTTP,HTTPS,DNS,Telnet,SMTP,SSH,IRC,TCP,UDP,DHCP,ARP,ICMP,IPv,LLC,Tot sum,Min,Max,AVG,Std,Tot size,IAT,Number,Magnitue,Radius,Covariance,Variance,Weight,label
898.9316646814347,39483.4,8.2,66.1,47.26352922743705,47.26352922743705,0.0,0.0,0.0,0.0,0.0,1.0,0.0,0.0,0.1,1.6,0.0,3.0,24.0,0.0,0.0,0.0,0.0,0.0,0.0,0.0,1.0,0.0,0.0,0.0,0.0,1.0,1.0,1865.0,50.0,428.0,120.9170562156282,115.68896586960685,97.9,166447966.73913342,13.5,15.56079441263655,163.90746120204582,13515.372207019627,1.0,244.6,Recon-PingSweep
68.68330516815186,2676.2,10.9,131.8,0.2433105842126104,0.2433105842126104,0.0,0.0,0.0,0.0,0.0,0.0,0.0,0.0,0.0,0.0,0.0,4.5,10.3,0.0,0.0,0.0,0.0,0.0,0.0,0.0,0.0,0.0,0.0,0.0,0.0,1.0,1.0,2101.3,60.0,339.0,136.02972950295316,78.93497956503728,133.5,166447077.1712184,13.5,16.513884947622813,111.68985077278737,6239.139501905773,1.0,244.6,Recon-PingSweep
0.0855976343154907,326.4,3.0,28.0,27.663838243958043,27.663838243958043,0.0,0.0,0.0,0.0,0.0,0.0,0.0,0.0,0.1,1.0,0.0,0.6,2.0,0.0,0.0,0.0,0.0,0.0,0.0,0.0,0.0,0.0,0.0,0.0,0.0,0.0,0.0,1417.6,60.0,291.4,90.55564615724832,65.11060090635043,120.1,166447070.59944078,13.5,13.459794865396168,92.37653446158572,4555.691547672885,1.0,244.6,Recon-PingSweep
8.978743028640746,338075.5,6.0,164.8,70.11479852624201,70.11479852624201,0.0,0.0,0.0,0.0,0.0,1.0,0.0,0.0,0.1,1.8,0.0,43.5,385.5,0.0,1.0,0.0,0.0,0.0,0.0,0.0,1.0,0.0,0.0,0.0,0.0,1.0,1.0,8434.8,912.6,4410.0,2135.364523809524,1548.997496828477,921.6,0.003251314163208,5.5,62.83245826079741,2190.613268096808,2973904.3435572563,0.9,38.5,Recon-PingSweep
30.29724566936493,12770.2,8.2,84.8,23.02674253905725,23.02674253905725,0.0,0.0,0.0,0.0,0.0,1.0,0.0,0.0,0.4,1.2,0.0,53.5,108.2,1.0,0.0,0.0,0.0,0.0,0.0,0.0,1.0,0.0,0.0,0.0,0.0,1.0,1.0,1854.1,60.0,387.3,118.80069066683232,89.97985079134635,150.5,166447078.1809197,13.5,15.420706407398947,127.48827473274017,8396.880274089048,1.0,244.6,Recon-PingSweep
12.409894347190855,69631.5,14.8,115.3,102.7758387772353,102.7758387772353,0.0,0.0,0.0,0.0,0.0,0.0,0.0,0.0,0.0,0.4,0.0,5.8,66.5,0.0,0.0,0.0,0.0,0.0,0.0,0.0,0.0,1.0,0.0,0.0,0.0,1.0,1.0,1530.6,70.0,713.9,246.0822222222222,231.00324379249128,309.2,0.0012312889099121,5.5,21.829194692718843,326.68792032351973,68152.60402998237,0.9,38.5,Recon-PingSweep
7.644889378547669,5149.1,8.2,122.4,62.07524494709004,62.07524494709004,0.0,0.0,0.0,0.0,0.0,1.0,0.0,0.0,0.2,1.4,0.0,5.6,14.8,0.0,1.0,0.0,0.0,0.0,0.0,0.0,1.0,0.0,0.0,0.0,0.0,1.0,1.0,1919.1,58.0,532.7,117.49350273436572,119.53335138138414,253.1,166447076.3862272,13.5,15.156375758585312,169.86182517680797,25537.315584650016,1.0,244.6,Recon-PingSweep
45.43114564418793,9194.5,13.7,79.9,10.712268755664756,10.712268755664756,0.0,0.0,0.0,0.0,0.0,0.0,0.0,0.0,0.0,0.3,0.0,0.1,0.2,0.0,0.0,0.0,0.0,0.0,0.0,0.0,0.0,1.0,0.0,0.0,0.0,1.0,1.0,339.9,50.8,75.7,60.17670634920635,8.441725089277998,63.9,0.0121752023696899,5.5,10.965589551264056,11.938402111082173,93.27777511652808,0.9,38.5,Recon-PingSweep
0.5935353755950927,16992.2,6.0,62.4,37.89533682403573,37.89533682403573,0.0,0.0,0.0,0.0,0.0,1.0,0.0,0.0,0.0,2.0,0.0,8.0,21.5,0.0,1.0,0.0,0.0,0.0,0.0,0.0,1.0,0.0,0.0,0.0,0.0,1.0,1.0,10826.2,66.0,1494.0,671.7614138097883,646.233204279309,1351.2,166447970.91394278,13.5,36.499987769597865,913.2520252170264,419305.4124441115,1.0,244.6,Recon-PingSweep
1.2366416454315186,89528.6,7.1,68.8,79.84616281519592,79.84616281519592,0.0,0.0,0.0,0.0,0.0,1.0,0.0,0.0,0.0,1.8,0.0,7.2,98.1,0.0,1.0,0.0,0.0,0.0,0.0,0.0,1.0,0.0,0.0,0.0,0.0,1.0,1.0,7233.4,353.6,2636.4,1256.93126984127,787.5724223667255,1781.6,0.0016422986984252,5.5,49.679022381874425,1113.7956010620546,1021226.4827299068,0.8,38.5,Recon-PingSweep
1.4917552471160889,81321.0,6.0,76.8,70.82911667985022,70.82911667985022,0.0,0.0,0.0,0.0,0.0,1.0,0.0,0.0,0.0,1.8,0.0,6.7,90.4,0.0,1.0,0.0,0.0,0.0,0.0,0.0,1.0,0.0,0.0,0.0,0.0,1.0,1.0,26100.2,54.0,4434.0,1691.0749228712466,1588.040483762094,1944.4,166447965.1739902,13.5,58.1393599468109,2251.1751560026,2537195.005589499,1.0,244.6,Recon-PingSweep
36.08413193225861,6825.4,13.1,106.4,1.2433694825900612,1.2433694825900612,0.0,0.0,0.0,0.0,0.0,0.0,0.0,0.0,0.0,0.0,0.0,24.5,48.9,0.0,0.0,0.0,0.0,0.0,0.0,0.0,0.0,1.0,0.0,0.0,0.0,1.0,1.0,1655.6,50.0,279.2,104.33438689664308,65.55856945163734,171.8,166447072.65827072,13.5,14.378767521146154,92.49957029023857,4581.016167319852,1.0,244.6,Recon-PingSweep
1.5911749839782714,81.5,3.4,31.9,0.9356138885956712,0.9356138885956712,0.0,0.0,0.0,0.0,0.0,0.0,0.0,0.0,0.0,0.0,0.0,0.0,0.0,0.0,0.0,0.0,0.0,0.0,0.0,0.0,0.0,0.0,0.0,1.0,0.0,0.0,0.0,357.1,62.0,78.1,66.59400793650792,6.132032085582861,62.9,0.0097424983978271,5.5,11.536656869780746,8.672002940338256,42.68997031683044,0.9,38.5,Recon-PingSweep
977.4914870023728,106564.2,9.3,88.3,10.010072467449966,10.010072467449966,0.0,0.0,0.0,0.0,0.0,1.0,0.0,0.0,0.0,0.0,0.0,357.9,737.1,0.0,1.0,0.0,0.0,0.0,0.0,0.0,1.0,0.0,0.0,0.0,0.0,1.0,1.0,685.2,75.0,190.8,126.4454761904762,45.167490253831474,119.2,0.0399355173110961,5.5,15.883944149548883,63.876477295323056,2286.3334778911567,0.9,38.5,Recon-PingSweep
0.9150261878967284,56035.4,6.0,57.2,70.46362218770938,70.46362218770938,0.0,0.0,0.0,0.0,0.0,1.0,0.0,0.0,0.0,2.0,0.0,8.0,63.5,0.0,1.0,0.0,0.0,0.0,0.0,0.0,1.0,0.0,0.0,0.0,0.0,1.0,1.0,13583.4,60.0,1494.0,879.3027973961023,706.4896936022021,922.8,166447071.12612522,13.5,41.84372406031541,999.493676527102,499525.6255830134,1.0,244.6,Recon-PingSweep
917.3746274232864,29635.0,5.9,102.8,19.73797246591177,19.73797246591177,0.0,0.0,0.0,0.0,0.0,1.0,0.0,0.0,0.1,0.8,0.0,92.3,191.6,0.0,1.0,0.0,0.0,0.0,0.0,0.0,1.0,0.0,0.0,0.0,0.0,1.0,1.0,1983.6,60.0,512.8,125.4596720127138,114.02556183540894,171.3,166447967.9730039,13.5,15.816491880714787,161.66529864683923,15150.558443676418,1.0,244.6,Recon-PingSweep
7.16051173210144,441924.4,6.0,198.4,65.42822301239576,65.42822301239576,0.0,0.0,0.0,0.0,0.0,1.0,0.0,0.0,0.0,2.0,0.0,29.0,467.5,0.0,1.0,0.0,0.0,0.0,0.0,0.0,1.0,0.0,0.0,0.0,0.0,1.0,1.0,12875.4,60.0,1498.0,851.7042407772826,699.4180408480089,355.6,166447967.1055676,13.5,41.06505598976832,988.8592454780876,489500.59379877767,1.0,244.6,Recon-PingSweep
907.8115968465804,10748.5,7.6,96.9,14.462873225858004,14.462873225858004,0.0,0.0,0.0,0.0,0.0,1.0,0.0,0.0,0.0,0.8,0.0,40.5,81.5,0.0,1.0,0.0,0.0,0.0,0.0,0.0,1.0,0.0,0.0,0.0,0.0,1.0,1.0,1092.8,81.6,546.2,171.81690476190474,142.13609717506552,441.7,0.0104928016662597,5.5,18.09362588961961,201.01079632775784,79415.77963435376,0.9,38.5,Recon-PingSweep
1806.586498618126,92133.0,8.2,96.4,57.98682517970518,57.98682517970518,0.0,0.0,0.0,0.0,0.0,1.0,0.0,0.0,0.6,1.1,0.0,44.0,178.1,0.0,1.0,0.0,0.0,0.0,0.0,0.0,1.0,0.0,0.0,0.0,0.0,1.0,1.0,1861.7,58.0,666.0,121.08780972940028,148.25225391457968,97.8,166447966.6355749,13.5,15.51863813674901,209.78219341284216,22159.347996463017,1.0,244.6,Recon-PingSweep
15.791033720970152,1051.4,8.2,57.8,17.628399502384518,17.628399502384518,0.0,0.0,0.0,0.0,0.0,1.0,0.0,0.0,0.1,1.2,0.0,1.0,3.2,1.0,0.0,0.0,0.0,0.0,0.0,0.0,1.0,0.0,0.0,0.0,0.0,1.0,1.0,2086.0,46.0,680.0,132.6645108902965,164.54892660034628,166.8,166447074.55252922,13.5,16.29819773122478,233.1474865024514,27215.033248845182,1.0,244.6,Recon-PingSweep
11.30250608921051,7044.5,7.1,63.8,25.637034431540364,25.637034431540364,0.0,0.0,0.0,0.0,0.0,1.0,0.0,0.0,0.1,1.2,0.0,31.0,62.8,1.0,0.0,0.0,0.0,0.0,0.0,0.0,1.0,0.0,0.0,0.0,0.0,1.0,1.0,674.9,66.8,259.3,109.4472619047619,67.68780417889343,136.1,0.0137670993804931,5.5,14.661854808063625,95.72501067704532,6798.239440901362,0.9,38.5,Recon-PingSweep
9.84623317718506,545.1,12.1,151.5,32.372031416610604,32.372031416610604,0.0,0.0,0.0,0.0,0.0,0.0,0.0,0.0,0.0,0.3,0.0,0.0,0.3,0.0,0.0,0.0,0.0,0.0,0.0,0.0,0.0,1.0,0.0,0.0,0.0,1.0,1.0,1869.9,46.0,214.0,121.2913566571887,68.88277288616773,114.9,166447073.2772192,13.5,15.58858991066444,97.51863115366524,4765.914010728508,1.0,244.6,Recon-PingSweep
4.60899965763092,815.6,3.5,44.7,8.89136864510653,8.89136864510653,0.0,0.0,0.0,0.0,0.0,0.0,0.0,0.0,0.0,0.4,0.0,3.0,6.2,0.0,0.0,0.0,0.0,0.0,0.0,0.0,0.0,0.0,0.0,1.0,0.0,0.0,0.0,475.6,60.0,159.0,79.13492063492063,35.757954298965736,105.8,0.0099545001983642,5.5,12.5193344527708,50.56938393231466,2010.534726127488,0.7,38.5,Recon-PingSweep
0.0248772859573364,133.2,13.2,87.8,39.79466509145165,39.79466509145165,0.0,0.0,0.0,0.0,0.0,0.0,0.0,0.0,0.0,0.1,0.0,0.0,0.2,0.0,0.0,1.0,0.0,0.0,0.0,0.0,0.0,1.0,0.0,0.0,0.0,1.0,1.0,2364.6,54.0,459.0,154.42698535425703,103.81372979595976,98.8,166447068.6846171,13.5,17.57339900794209,147.13299665816405,10859.44181731511,1.0,244.6,Recon-PingSweep
0.0,0.0,0.5,32.0,0.0031266776987774,0.0031266776987774,0.0,0.0,0.0,0.0,0.0,0.0,0.0,0.0,0.0,0.0,0.0,0.0,0.0,0.0,0.0,0.0,0.0,0.0,0.0,0.0,0.0,0.0,0.0,0.0,0.0,0.0,0.0,421.2,60.0,90.4,73.49301587301588,14.913034048887374,79.0,0.0059945106506347,5.5,12.108156997491765,21.09021500806828,278.1513640715545,0.8,38.5,Recon-PingSweep
3594.4056569814684,5740.7,10.4,104.5,1.8462175849211424,1.8462175849211424,0.0,0.0,0.0,0.0,0.0,0.0,0.0,0.0,0.0,0.1,0.0,19.7,42.4,0.0,0.0,0.0,0.0,0.0,0.0,0.0,1.0,0.0,0.0,0.0,0.0,1.0,1.0,1798.2,54.0,280.0,114.83561093060707,67.02837680303375,155.8,166447964.8480939,13.5,15.08082888128908,93.49679045839125,4533.636683839216,1.0,244.6,Recon-PingSweep
894.1077495336533,1373.5,10.4,169.0,26.094148802452867,26.094148802452867,0.0,0.0,0.0,0.0,0.0,0.0,0.0,0.0,0.0,0.9,0.0,0.3,1.4,0.0,1.0,0.0,0.0,0.0,0.0,0.0,1.0,0.0,0.0,0.0,0.0,1.0,1.0,1169.3,76.8,603.2,174.44988095238097,173.1556797298868,526.5,0.0143213033676147,5.5,17.85860667621356,244.879110675938,102683.21244033446,0.9,38.5,Recon-PingSweep
3.372595882415772,6679.5,6.5,73.3,28.78006886684714,28.78006886684714,0.0,0.0,0.0,0.0,0.0,1.0,0.0,0.0,0.0,1.6,0.0,4.8,11.6,0.0,1.0,0.0,0.0,0.0,0.0,0.0,1.0,0.0,0.0,0.0,0.0,1.0,1.0,3678.9,61.8,1222.8,215.86575260566747,301.35119133579644,826.3,166447071.1020446,13.5,19.70375605092789,423.431933129694,170876.7185827705,1.0,244.6,Recon-PingSweep
0.0442189931869506,36.9,0.6,4.1,6.784414985018971,6.784414985018971,0.0,0.0,0.0,0.0,0.0,0.0,0.0,0.0,0.0,0.0,0.0,0.3,0.3,0.0,0.0,0.0,0.0,0.0,0.0,0.0,0.0,0.0,0.0,1.0,0.0,0.0,0.0,1420.0,54.0,230.0,92.76979875559596,53.743397937209146,66.3,166447070.6598305,13.5,13.623340085787328,76.1376701332326,2907.8426558064466,1.0,244.6,Recon-PingSweep
24.867669415473937,827.4,9.3,106.3,15.319891641332324,15.319891641332324,0.0,0.0,0.0,0.0,0.0,0.0,0.0,0.0,0.0,0.0,0.0,4.2,6.8,0.0,0.0,0.0,0.0,0.0,0.0,0.0,0.0,0.0,0.0,0.0,0.0,1.0,1.0,625.3,58.0,249.6,103.6952380952381,64.53546274339705,118.4,0.0183089017868042,5.5,14.292135327048673,91.26692666573568,6036.814876417234,0.9,38.5,Recon-PingSweep
897.6372832298279,4243.5,6.0,125.8,17.01025719089195,17.01025719089195,0.0,0.0,0.0,0.0,0.0,1.0,0.0,0.0,0.4,0.8,0.0,6.0,13.7,0.0,1.0,0.0,0.0,0.0,0.0,0.0,1.0,0.0,0.0,0.0,0.0,1.0,1.0,1451.1,54.0,220.4,93.12529646179414,47.67344277046021,101.6,166447963.2349896,13.5,13.655681855630462,67.54253311205272,2292.937553254951,1.0,244.6,Recon-PingSweep
0.1441993474960327,626.5,8.2,66.0,32.26265802090766,32.26265802090766,0.0,0.0,0.0,0.0,0.0,1.0,0.0,0.0,0.6,1.1,0.0,1.4,4.0,1.0,0.0,0.0,0.0,0.0,0.0,0.0,1.0,0.0,0.0,0.0,0.0,1.0,1.0,764.5,103.5,441.0,180.20277777777773,128.23019400542702,107.8,0.0126442909240722,5.5,18.46505896372805,181.34487946820803,18812.24909215168,0.9,38.5,Recon-PingSweep
1802.7945041656487,21427.4,7.1,94.7,27.259436640024187,27.259436640024187,0.0,0.0,0.0,0.0,0.0,1.0,0.0,0.0,0.5,0.8,0.0,21.1,67.7,0.0,1.0,0.0,0.0,0.0,0.0,0.0,1.0,0.0,0.0,0.0,0.0,1.0,1.0,723.0,58.0,374.2,111.68202380952384,103.3761388261639,137.7,0.0109215974807739,5.5,14.592734700537898,146.1959375537249,19676.03014951814,0.9,38.5,Recon-PingSweep
11.73961398601532,474218.2,6.0,80.7,43.82587640040413,43.82587640040413,0.0,0.0,0.0,0.0,0.0,1.0,0.0,0.0,0.0,2.0,0.0,40.0,513.5,0.0,1.0,0.0,0.0,0.0,0.0,0.0,1.0,0.0,0.0,0.0,0.0,1.0,1.0,8182.2,1369.2,1514.0,1499.52,43.440000000000005,1369.2,0.0017764806747436,5.5,54.75751175861475,61.43343714948725,18870.336000000003,0.1,38.5,Recon-PingSweep
0.2048629283905029,3039.0,9.3,68.8,35.97667289143245,35.97667289143245,0.0,0.0,0.0,0.0,0.0,1.0,0.0,0.0,0.1,1.4,0.0,2.5,6.1,0.0,0.0,0.0,0.0,0.0,0.0,0.0,1.0,0.0,0.0,0.0,0.0,1.0,1.0,7351.6,60.0,2954.0,486.0441668118602,792.1022860423263,141.0,166447071.07520398,13.5,31.163457690461826,1122.3715334575952,633328.2435008863,1.0,244.6,Recon-PingSweep
6.540801358222962,2243.3,4.2,37.2,2.77888304241536,2.77888304241536,0.0,0.0,0.0,0.0,0.0,0.0,0.0,0.0,0.0,0.0,0.0,7.2,14.6,0.0,0.0,0.0,0.0,0.0,0.0,0.0,0.0,0.0,0.0,0.0,0.0,1.0,1.0,1804.0,60.0,312.2,116.68864500953124,81.90488046773842,103.9,166447964.0057579,13.5,15.291421145449926,115.98770808495438,6767.515166669151,1.0,244.6,Recon-PingSweep
0.4350781202316284,442.0,9.3,86.6,186441.5753499621,186441.5753499621,0.0,0.0,0.0,0.0,0.0,1.0,0.0,0.0,0.4,0.8,0.0,1.1,3.2,0.0,0.0,0.0,0.0,0.0,0.0,0.0,1.0,0.0,0.0,0.0,0.0,1.0,1.0,397.4,57.1,114.3,70.55646825396825,19.435491098463068,81.3,0.0101409912109375,5.5,11.86732783402001,27.48593510282804,587.2344638920383,0.9,38.5,Recon-PingSweep
0.9593764305114746,91234.8,6.0,92.8,70.27990827070303,70.27990827070303,0.0,0.0,0.0,0.0,0.0,1.0,0.0,0.0,0.0,2.0,0.0,5.9,76.8,0.0,1.0,0.0,0.0,0.0,0.0,0.0,1.0,0.0,0.0,0.0,0.0,1.0,1.0,15489.4,1372.8,4288.0,2989.374285714285,1050.0978262025835,2247.6,0.0002089023590087,5.5,77.12957051078912,1485.062587634199,1317939.3838639455,0.9,38.5,Recon-PingSweep
2.254715394973755,861.2,4.0,24.1,6.473014564598103,6.473014564598103,0.0,0.0,0.0,0.0,0.0,0.0,0.0,0.0,0.0,0.0,0.0,3.7,7.4,0.0,0.0,0.0,0.0,0.0,0.0,0.0,0.0,0.0,0.0,1.0,0.0,0.0,0.0,453.2,69.2,156.0,91.96579365079364,33.99358606101329,74.0,0.0356878042221069,5.5,13.471884939483754,48.074190441182,1313.2360241244646,0.9,38.5,Recon-PingSweep
1.736927151679993,672.8,7.1,79.0,129.62726920567562,129.62726920567562,0.0,0.0,0.0,0.0,0.0,1.0,0.0,0.0,0.6,1.0,0.0,1.6,4.1,0.0,0.0,0.0,0.0,0.0,0.0,0.0,1.0,0.0,0.0,0.0,0.0,1.0,1.0,1890.0,54.0,459.2,118.52638112618376,102.44564510472624,197.9,166447070.01408598,13.5,15.322633345584,145.38399207808328,12484.692993289907,1.0,244.6,Recon-PingSweep
11.851603364944458,3722.3,6.0,63.6,12.017127018954817,12.017127018954817,0.0,0.0,0.0,0.0,1.0,1.0,0.0,0.0,1.2,1.8,0.0,4.5,12.1,0.0,0.0,0.0,0.0,0.0,0.0,0.0,1.0,0.0,0.0,0.0,0.0,1.0,1.0,1741.6,66.0,235.5,109.0418803435986,68.99083241875321,180.5,166447079.94131848,13.5,14.724399503403951,97.71625455094596,5331.503593428625,1.0,244.6,Recon-PingSweep
20.592435431480407,933.5,5.5,59.6,21.769660882476103,21.769660882476103,0.0,0.0,0.0,0.0,0.0,1.0,0.0,0.0,0.4,1.4,0.0,5.5,10.2,0.0,1.0,0.0,0.0,0.0,0.0,0.0,1.0,0.0,0.0,0.0,0.0,1.0,1.0,1681.2,60.0,308.3,109.13943727368265,73.11169155239769,97.2,166447973.2574126,13.5,14.7780211857662,103.61012076178534,5406.137902565734,1.0,244.6,Recon-PingSweep
21.233260107040405,4571.0,15.9,70.4,13.296056352242063,13.296056352242063,0.0,0.0,0.0,0.0,0.0,0.0,0.0,0.0,0.0,0.1,0.0,0.0,0.0,0.0,0.0,0.0,0.0,0.0,0.0,0.0,0.0,1.0,0.0,0.0,0.0,1.0,1.0,730.9,52.4,162.7,116.08892857142855,46.83188131727945,146.2,0.0041949987411499,5.5,15.050315622059722,66.23028171034377,2824.4685480442176,0.9,38.5,Recon-PingSweep
1.3430551290512085,112536.2,6.0,58.9,103.861467013146,103.861467013146,0.0,0.0,0.0,0.0,0.0,1.0,0.0,0.0,0.0,2.0,0.0,8.0,138.5,0.0,1.0,0.0,0.0,0.0,0.0,0.0,1.0,0.0,0.0,0.0,0.0,1.0,1.0,9664.2,66.0,1514.0,604.5555426668275,668.6811973827384,1065.6,166447966.580359,13.5,34.64939922217382,946.3270258312208,450107.91649568535,1.0,244.6,Recon-PingSweep
10.955323553085329,19467.6,7.1,57.1,28.90853860001632,28.90853860001632,0.0,0.0,0.0,0.0,0.0,1.0,0.0,0.0,0.0,1.4,0.0,33.3,70.5,0.0,1.0,0.0,0.0,0.0,0.0,0.0,1.0,0.0,0.0,0.0,0.0,1.0,1.0,7223.3,62.0,3493.9,1036.8569444444445,1142.8242177576017,1494.7,0.0063801050186157,5.5,42.26415984941012,1616.1975081612238,1912706.3740772705,0.9,38.5,Recon-PingSweep
1825.3024347782127,2186.5,7.7,74.9,9.226539638193955,9.226539638193955,0.0,0.0,0.0,0.0,0.0,1.0,0.0,0.0,1.1,0.6,0.0,4.7,9.0,0.0,0.0,0.0,0.0,0.0,0.0,0.0,1.0,0.0,0.0,0.0,0.0,1.0,1.0,470.9,66.0,131.2,79.0068253968254,24.041717331110227,101.4,0.0372855901718139,5.5,12.52271009504824,34.00012271239636,1238.0246478961956,0.8,38.5,Recon-PingSweep
28.43433954715729,123576.6,5.5,96.6,61.73295675221218,61.73295675221218,0.0,0.0,0.0,0.0,0.0,1.0,0.0,0.0,0.0,1.2,0.0,128.3,301.2,0.0,1.0,0.0,0.0,0.0,0.0,0.0,1.0,0.0,0.0,0.0,0.0,1.0,1.0,45348.9,505.8,4434.0,3010.7987982455284,1400.7676285003852,1099.3,166447971.3987601,13.5,77.54066886802086,1976.400538750165,2068320.310028558,1.0,244.6,Recon-PingSweep
6.136935138702393,174426.7,6.0,97.2,100.72872864359309,100.72872864359309,0.0,0.0,0.0,0.0,0.0,1.0,0.0,0.0,0.0,1.8,0.0,35.0,217.6,0.0,1.0,0.0,0.0,0.0,0.0,0.0,1.0,0.0,0.0,0.0,0.0,1.0,1.0,14119.0,66.0,5858.0,2230.70253968254,2010.1220414539823,2527.6,0.0006087064743041,5.5,64.07155082914949,2842.741853049315,4745681.464633913,0.9,38.5,Recon-PingSweep
7.832157921791077,6214.8,5.3,50.3,34.09077268272257,34.09077268272257,0.0,0.0,0.0,0.0,0.0,1.0,0.0,0.0,0.0,0.8,0.0,24.4,47.1,0.0,1.0,0.0,0.0,0.0,0.0,0.0,1.0,0.0,0.0,0.0,0.0,1.0,1.0,2205.2,60.0,1011.0,144.47178422755434,233.7499437182395,76.8,166447071.954288,13.5,17.005666133568067,331.2451716661999,55251.86461068562,1.0,244.6,Recon-PingSweep
11.648616099357604,462500.2,6.0,197.6,43.052226182864906,43.052226182864906,0.0,0.0,0.0,0.0,0.0,1.0,0.0,0.0,0.0,2.0,0.0,39.0,500.5,0.0,1.0,0.0,0.0,0.0,0.0,0.0,1.0,0.0,0.0,0.0,0.0,1.0,1.0,3114.2,355.6,1514.0,769.4292063492063,526.0892935325135,355.6,0.0017786979675292,5.5,37.90177490630536,744.0026139329608,347815.01039052656,0.8,38.5,Recon-PingSweep
98.20420107841493,83849.3,7.1,104.1,7.376865080563046,7.376865080563046,0.0,0.0,0.0,0.0,0.0,1.0,0.0,0.0,0.0,0.2,0.0,160.8,366.5,0.0,1.0,0.0,0.0,0.0,0.0,0.0,1.0,0.0,0.0,0.0,0.0,1.0,1.0,6296.6,55.8,1514.0,417.90628992696327,574.4496718401003,85.7,166447079.55075818,13.5,28.875745885129906,813.8906962147202,332411.0681068041,1.0,244.6,Recon-PingSweep
4530.893460726738,28439.7,14.8,83.2,1.0253801916205685,1.0253801916205685,0.0,0.0,0.0,0.0,0.0,0.0,0.0,0.0,0.0,0.0,0.0,43.1,87.5,0.0,0.0,0.0,0.0,0.0,0.0,0.0,0.0,1.0,0.0,0.0,0.0,1.0,1.0,615.4,50.0,212.0,108.69611111111112,65.96009447196722,116.8,0.0079984903335571,5.5,14.647808520211402,93.28166017766668,4890.694171516755,0.9,38.5,Recon-PingSweep
1.5420560836791992,192.2,4.2,43.3,6.312955695026082,6.312955695026082,0.0,0.0,0.0,0.0,0.0,0.0,0.0,0.0,0.0,0.0,0.0,0.8,1.2,0.0,0.0,0.0,0.0,0.0,0.0,0.0,0.0,0.0,0.0,0.0,0.0,0.0,0.0,415.4,63.6,104.6,77.63968253968254,15.817897867084042,81.6,0.0070366859436035,5.5,12.449428774743112,22.369885691862702,323.0111418493323,0.9,38.5,Recon-PingSweep
4538.178149485588,33033.0,13.7,108.2,5.863402565746054,5.863402565746054,0.0,0.0,0.0,0.0,0.0,0.0,0.0,0.0,0.0,0.0,0.0,106.9,218.7,0.0,0.0,0.0,0.0,0.0,0.0,0.0,0.0,1.0,0.0,0.0,0.0,1.0,1.0,1787.0,46.8,230.0,115.60370318621864,70.56187004475159,113.2,166447970.6790422,13.5,15.217850128821308,99.92971837342688,4994.548909821375,1.0,244.6,Recon-PingSweep
46.24339957237244,1584.7,10.4,208.5,4.876504447804865,4.876504447804865,0.0,0.0,0.0,0.0,0.0,1.0,0.0,0.0,0.0,0.2,0.0,4.7,8.6,0.0,0.0,0.0,0.0,0.0,0.0,0.0,1.0,0.0,0.0,0.0,0.0,1.0,1.0,1369.7,54.0,163.4,87.8090334321681,26.611309433047904,109.0,166447074.2167511,13.5,13.198464246919633,35.78889087519504,642.2992001113402,1.0,244.6,Recon-PingSweep
22.49082806110382,29325.0,8.2,104.0,17.819675115764788,17.819675115764788,0.0,0.0,0.0,0.0,0.0,1.0,0.0,0.0,0.6,0.8,0.0,94.5,195.5,0.0,1.0,0.0,0.0,0.0,0.0,0.0,1.0,0.0,0.0,0.0,0.0,1.0,1.0,504.3,69.1,138.3,90.60726190476193,26.734543852991475,93.4,0.0224545955657958,5.5,13.45222130250905,37.8083545007588,852.5883416950113,0.9,38.5,Recon-PingSweep
895.5147368907928,644.0,1.9,57.4,0.0031266808351271,0.0031266808351271,0.0,0.0,0.0,0.0,0.0,0.0,0.0,0.0,0.0,0.0,0.0,0.0,0.0,0.0,0.0,0.0,0.0,0.0,0.0,0.0,0.0,0.0,0.0,1.0,0.0,0.0,0.0,1207.2,60.0,124.4,77.70941081192629,22.784187733092768,84.6,166447963.64712137,13.5,12.47390761720116,32.31536575112958,587.9304915540436,1.0,244.6,Recon-PingSweep
913.4741427898408,2439.0,8.2,91.1,27.50653205678656,27.50653205678656,0.0,0.0,0.0,0.0,0.0,1.0,0.0,0.0,0.1,1.4,0.0,3.6,8.0,0.0,0.0,0.0,0.0,0.0,0.0,0.0,1.0,0.0,0.0,0.0,0.0,1.0,1.0,1461.7,131.6,722.0,320.81384920634923,226.62173818829723,252.3,0.003767991065979,5.5,24.859644073519068,320.49153567445467,58063.70577247103,0.9,38.5,Recon-PingSweep
54.574891328811646,10507.8,15.3,57.6,3.528447043018464,3.528447043018464,0.0,0.0,0.0,0.0,0.0,0.0,0.0,0.0,0.0,0.0,0.0,0.0,0.0,0.0,0.0,0.0,0.0,0.0,0.0,0.0,0.0,1.0,0.0,0.0,0.0,1.0,1.0,401.8,50.0,160.4,68.31539682539683,37.65927783109659,72.2,0.0169452905654907,5.5,11.629593053905063,53.25826145791323,2244.967005039053,0.9,38.5,Recon-PingSweep
48.08038971424103,1947.3,8.2,117.6,9.47996796722398,9.47996796722398,0.0,0.0,0.0,0.0,0.0,1.0,0.0,0.0,0.5,0.6,0.0,4.8,8.6,0.0,0.0,0.0,0.0,0.0,0.0,0.0,1.0,0.0,0.0,0.0,0.0,1.0,1.0,629.8,66.0,155.7,99.63396825396826,40.05758865648437,137.2,0.0102066993713378,5.5,13.951878214616034,56.649985153962845,2683.5032816830435,0.6,38.5,Recon-PingSweep
0.008168601989746,16.4,1.7,6.4,12.973312258647926,12.973312258647926,0.0,0.0,0.0,0.0,0.0,0.0,0.0,0.0,0.0,0.0,0.0,0.0,0.0,0.0,0.0,0.0,0.0,0.0,0.0,0.0,0.0,0.0,0.0,1.0,0.0,0.0,0.0,1079.6,60.0,156.0,69.93412313520672,24.145098018168785,61.4,166447072.07413632,13.5,11.829398424357253,34.213852615003724,588.8713210083874,1.0,244.6,Recon-PingSweep
1.3410698175430298,486.7,9.8,89.7,21.00318149884291,21.00318149884291,0.0,0.0,0.0,0.0,0.0,0.0,0.0,0.0,0.1,1.0,0.0,0.6,2.0,0.0,0.0,0.0,0.0,0.0,0.0,0.0,0.0,0.0,0.0,0.0,0.0,1.0,1.0,1541.1,50.0,283.6,98.71592479716706,62.69564699957429,115.2,166447069.84361982,13.5,14.060611171210056,88.77084298958849,4085.4838461554655,1.0,244.6,Recon-PingSweep
1.8832178831100463,729.8,0.8,18.8,2.0721741012037285,2.0721741012037285,0.0,0.0,0.0,0.0,0.0,0.0,0.0,0.0,0.0,0.0,0.0,3.2,6.5,0.0,0.0,0.0,0.0,0.0,0.0,0.0,0.0,0.0,0.0,1.0,0.0,0.0,0.0,1140.6,60.0,230.0,73.77171988915796,42.12688191477168,68.2,166447963.9607299,13.5,12.151892780196643,59.69603978760667,1793.1314122151227,1.0,244.6,Recon-PingSweep
0.0805664300918579,320.4,8.6,55.0,34.880484462561256,34.880484462561256,0.0,0.0,0.0,0.0,0.0,0.0,0.0,0.0,0.4,0.6,0.0,0.6,2.1,0.0,0.0,0.0,0.0,0.0,0.0,0.0,0.0,0.0,0.0,0.0,0.0,1.0,1.0,585.2,60.6,174.4,101.6438492063492,47.44216507962461,98.5,0.0106225967407226,5.5,14.17731570594716,67.09335328394837,2801.196182523935,0.9,38.5,Recon-PingSweep
14.454546880722043,7131.5,6.0,56.8,11.837280607266075,11.837280607266075,0.0,0.0,0.0,0.0,0.0,1.0,0.0,0.0,0.3,0.5,0.0,32.2,64.5,0.0,0.0,0.0,0.0,0.0,0.0,0.0,1.0,0.0,0.0,0.0,0.0,1.0,1.0,1778.1,61.8,441.0,116.17948175792216,100.11986764008158,81.0,166447966.12916142,13.5,15.216994108152353,141.824358187603,10110.100535015828,1.0,244.6,Recon-PingSweep
1.463779044151306,507.7,6.0,75.0,34.21098739070014,34.21098739070014,0.0,0.0,0.0,0.0,0.0,1.0,0.0,0.0,0.0,0.0,0.0,2.9,5.2,0.0,1.0,0.0,0.0,0.0,0.0,0.0,1.0,0.0,0.0,0.0,0.0,1.0,1.0,2082.5,61.2,409.0,136.24217650727326,91.93657821490964,78.4,166447068.83789122,13.5,16.51788433448441,130.12305015841486,8486.8151253588,1.0,244.6,Recon-PingSweep
3.868412947654724,243514.3,6.0,129.1,70.53979161975528,70.53979161975528,0.0,0.0,0.0,0.0,0.0,1.0,0.0,0.0,0.0,2.0,0.0,22.6,264.3,0.0,1.0,0.0,0.0,0.0,0.0,0.0,1.0,0.0,0.0,0.0,0.0,1.0,1.0,10810.4,426.6,4325.3,1835.750357142857,1301.4684394390647,1574.1,0.0068196058273315,5.5,59.6235925740617,1840.5543180552727,2099835.024240788,0.9,38.5,Recon-PingSweep
50.875826025009154,19836.6,8.2,97.4,15.89466566048603,15.89466566048603,0.0,0.0,0.0,0.0,0.0,1.0,0.0,0.0,0.1,1.0,0.0,83.9,168.5,0.0,1.0,0.0,0.0,0.0,0.0,0.0,1.0,0.0,0.0,0.0,0.0,1.0,1.0,819.6,66.0,257.1,145.08523809523808,73.92260920827957,132.0,0.0174964904785156,5.5,16.92155742986738,104.5423565083552,6155.7052018140585,0.9,38.5,Recon-PingSweep
46.32530937194824,2072.4,10.4,62.6,28.19664478962695,28.19664478962695,0.0,0.0,0.0,0.0,0.0,0.0,0.0,0.0,0.7,1.0,0.0,1.2,4.0,0.0,0.0,0.0,0.0,0.0,0.0,0.0,1.0,0.0,0.0,0.0,0.0,1.0,1.0,1083.8,58.0,99.6,69.20654970760235,10.78496406715298,90.4,166447079.85551232,13.5,11.72817163229967,14.661017243297191,253.33608671949327,0.5,244.6,Recon-PingSweep
0.1616022586822509,7374.6,5.4,75.9,123.24176175267029,123.24176175267029,0.0,0.0,0.0,0.0,1.0,1.0,0.0,0.0,0.0,1.8,0.0,7.5,18.9,0.0,1.0,0.0,0.0,0.0,0.0,0.0,1.0,0.0,0.0,0.0,0.0,1.0,1.0,2348.3,64.8,678.2,148.39336456714938,163.01928834923598,260.3,166447074.1804664,13.5,16.920086325146528,216.5133740398806,23903.515202711624,1.0,244.6,Recon-PingSweep
8.326673650741578,532.1,10.4,58.0,25.521106728424293,25.521106728424293,0.0,0.0,0.0,0.0,0.0,1.0,0.0,0.0,0.1,1.0,0.0,2.5,4.9,0.0,0.0,0.0,0.0,0.0,0.0,0.0,1.0,0.0,0.0,0.0,0.0,1.0,1.0,1586.6,62.4,306.7,103.0239166470784,65.64795922986977,91.7,166447970.5635227,13.5,14.366793862997543,92.92002145253716,4379.883639966037,1.0,244.6,Recon-PingSweep
76.12620096206665,59622.4,6.0,58.9,13.75758055383594,13.75758055383594,0.0,0.0,0.0,0.0,0.0,1.0,0.0,0.0,0.1,0.6,0.0,232.2,472.6,0.0,1.0,0.0,0.0,0.0,0.0,0.0,1.0,0.0,0.0,0.0,0.0,1.0,1.0,3892.2,66.0,1192.4,602.2952777777778,542.6150971863117,807.5,0.0048223972320556,5.5,32.918005848376986,767.373629589277,368286.9763907629,0.8,38.5,Recon-PingSweep
17.532118797302246,5660.6,5.3,43.4,8.392219023179484,8.392219023179484,0.0,0.0,0.0,0.0,0.0,1.0,0.0,0.0,0.0,0.6,0.0,20.0,39.7,0.0,0.0,0.0,0.0,0.0,0.0,0.0,1.0,0.0,0.0,0.0,0.0,1.0,1.0,2289.2,60.0,790.0,148.41413222054865,189.9636009441685,120.1,166447075.0117589,13.5,17.249447224386376,269.1506656757706,36395.2153329563,1.0,244.6,Recon-PingSweep
956.1099323749544,29949.8,13.7,92.7,2.073545621522105,2.073545621522105,0.0,0.0,0.0,0.0,0.0,0.0,0.0,0.0,0.0,0.0,0.0,95.7,195.5,0.0,0.0,0.0,0.0,0.0,0.0,0.0,0.0,1.0,0.0,0.0,0.0,1.0,1.0,1742.2,52.0,230.0,112.33082524458683,60.823918175846345,109.8,166447971.93519694,13.5,15.009719309513702,85.99792516434438,3701.281269219703,1.0,244.6,Recon-PingSweep
53.57678346633911,9716.4,11.5,68.7,6.915185339037102,6.915185339037102,0.0,0.0,0.0,0.0,0.0,0.0,0.0,0.0,0.0,0.4,0.0,2.6,5.0,0.0,0.0,0.0,0.0,0.0,0.0,0.0,0.0,0.0,0.0,0.0,0.0,1.0,1.0,552.3,50.0,167.5,87.06547619047619,47.14053824750407,113.7,0.0057919979095458,5.5,13.018410764862075,66.66678852718786,3500.677144557824,0.9,38.5,Recon-PingSweep
9.210941696166993,3343.6,9.3,100.1,98.66204558317608,98.66204558317608,0.0,0.0,0.0,0.0,0.0,1.0,0.0,0.0,0.0,0.8,0.0,1.5,3.0,0.0,0.0,0.0,0.0,0.0,0.0,0.0,1.0,0.0,0.0,0.0,0.0,1.0,1.0,1287.4,50.0,236.5,81.55602211771716,48.33198035505671,109.9,166447071.2550988,13.5,12.738946047589094,68.53640819191112,2678.698973725005,1.0,244.6,Recon-PingSweep
1798.2345343112945,113706.0,8.2,60.8,85.79999776280168,85.79999776280168,0.0,0.0,0.0,0.0,0.0,1.0,0.0,0.0,0.0,1.6,0.0,6.0,124.3,0.0,1.0,0.0,0.0,0.0,0.0,0.0,1.0,0.0,0.0,0.0,0.0,1.0,1.0,7329.6,52.8,1494.0,454.5491026530229,612.4128233742995,802.2,166447966.7827696,13.5,29.78474330018868,863.7034475361672,376551.15985483024,1.0,244.6,Recon-PingSweep
23.07755904197693,1353.9,8.2,96.5,20.5260078868316,20.5260078868316,0.0,0.0,0.0,0.0,0.0,1.0,0.0,0.0,0.4,1.4,0.0,1.1,4.0,0.0,1.0,0.0,0.0,0.0,0.0,0.0,1.0,0.0,0.0,0.0,0.0,1.0,1.0,1552.8,66.0,340.4,98.60932577484434,76.01928030016934,143.1,166447076.79528078,13.5,13.980021972091809,107.23251206006364,6174.612597209939,1.0,244.6,Recon-PingSweep
6.9196958303451535,2355.7,2.4,25.6,5.985607925572425,5.985607925572425,0.0,0.0,0.0,0.0,0.0,0.0,0.0,0.0,0.0,0.4,0.0,10.7,21.2,0.0,0.0,0.0,0.0,0.0,0.0,0.0,0.0,0.0,0.0,1.0,0.0,0.0,0.0,1370.3,60.0,268.7,88.08993482738451,55.09995171231348,96.5,166447071.87980023,13.5,13.277327847590511,78.09992244807496,3246.9569741389487,1.0,244.6,Recon-PingSweep
971.427658700943,3296.5,6.5,100.5,0.1631645195315912,0.1631645195315912,0.0,0.0,0.0,0.0,1.0,1.0,0.0,0.0,0.0,0.0,0.0,8.2,12.6,0.0,0.0,0.0,0.0,0.0,0.0,0.0,1.0,0.0,0.0,0.0,0.0,1.0,1.0,1071.3,97.8,313.0,175.3915476190476,76.0322743067255,281.8,0.0243032932281494,5.5,18.58736436047662,107.5258735026426,12511.88855541383,0.8,38.5,Recon-PingSweep
0.5112221956253051,578.1,2.1,32.0,16.272202849203136,16.272202849203136,0.0,0.0,0.0,0.0,0.0,0.0,0.0,0.0,0.0,0.0,0.0,0.0,0.0,0.0,0.0,0.0,0.0,0.0,0.0,0.0,0.0,0.0,0.0,0.0,0.0,0.0,0.0,1404.7,60.0,310.5,89.70800056625521,66.55696311191507,103.7,166447963.8982538,13.5,13.393971531059758,94.3283235854162,4625.374711963764,1.0,244.6,Recon-PingSweep
0.0,0.0,0.0,0.0,0.8722735161641946,0.8722735161641946,0.0,0.0,0.0,0.0,0.0,0.0,0.0,0.0,0.0,0.0,0.0,0.0,0.0,0.0,0.0,0.0,0.0,0.0,0.0,0.0,0.0,0.0,0.0,1.0,0.0,0.0,0.0,330.0,60.0,60.0,60.0,0.0,60.0,0.0024223804473876,5.5,10.954451150103322,0.0,0.0,0.0,38.5,Recon-PingSweep
3592.0390843868254,14387.7,15.9,75.2,81.40622645547323,81.40622645547323,0.0,0.0,0.0,0.0,0.0,0.0,0.0,0.0,0.0,0.0,0.0,9.2,18.5,0.0,0.0,0.0,0.0,0.0,0.0,0.0,0.0,1.0,0.0,0.0,0.0,1.0,1.0,780.9,50.0,315.5,138.71174603174603,109.1262435267935,134.4,0.0084780931472778,5.5,16.48384268262956,154.32781360642053,13376.857802847062,0.9,38.5,Recon-PingSweep
3628.839707636833,31953.7,12.6,73.5,314.1457006307659,314.1457006307659,0.0,0.0,0.0,0.0,0.0,0.0,0.0,0.0,0.2,0.5,0.0,52.7,109.1,0.0,0.0,0.0,0.0,0.0,0.0,0.0,0.0,1.0,0.0,0.0,0.0,1.0,1.0,535.6,76.2,170.0,112.13515873015872,36.39288510345972,81.8,0.0061710119247436,5.5,14.849370127595568,51.4673116871985,1589.1654957797934,0.9,38.5,Recon-PingSweep
3.739443802833557,658.4,1.2,12.8,9.6800910445794,9.6800910445794,0.0,0.0,0.0,0.0,0.0,0.0,0.0,0.0,0.0,0.0,0.0,1.5,2.7,0.0,0.0,0.0,0.0,0.0,0.0,0.0,0.0,0.0,0.0,1.0,0.0,0.0,0.0,772.8,60.0,499.2,122.47329365079364,151.19421319216292,133.7,0.0017540216445922,5.5,15.226540382627965,213.82090684868595,38338.7149523652,0.7,38.5,Recon-PingSweep
20.5831844329834,10969.0,7.1,79.1,15.01606821138498,15.01606821138498,0.0,0.0,0.0,0.0,0.0,1.0,0.0,0.0,0.0,0.7,0.0,48.8,97.6,0.0,0.0,0.0,0.0,0.0,0.0,0.0,1.0,0.0,0.0,0.0,0.0,1.0,1.0,1910.2,50.0,267.0,124.03607203855654,67.75084756759256,110.2,166447072.5016583,13.5,15.699789763762832,94.95824221072044,4519.137545713312,1.0,244.6,Recon-PingSweep
21.76114447116852,20001.8,8.2,60.6,29.4791734878068,29.4791734878068,0.0,0.0,0.0,0.0,0.0,1.0,0.0,0.0,0.0,1.6,0.0,6.4,20.4,0.0,1.0,0.0,0.0,0.0,0.0,0.0,1.0,0.0,0.0,0.0,0.0,1.0,1.0,13523.2,50.0,1494.0,869.9602789595167,686.6713872950979,920.4,166447078.79908222,13.5,41.77432693061231,970.7213041657358,471239.3562994633,1.0,244.6,Recon-PingSweep
63.629480195045474,17503.6,11.5,60.6,12.329064613707564,12.329064613707564,0.0,0.0,0.0,0.0,0.0,0.0,0.0,0.0,0.0,0.8,0.0,33.3,67.1,0.0,0.0,0.0,0.0,0.0,0.0,0.0,0.0,0.0,0.0,0.0,0.0,1.0,1.0,1585.6,50.0,328.0,101.24266958188012,77.8399967068406,113.2,166447078.7923701,13.5,14.238778860200409,110.26760748338512,6087.082669152467,1.0,244.6,Recon-PingSweep
48.85422987937928,73139.8,7.1,62.8,30.9249827044742,30.9249827044742,0.0,0.0,0.0,0.0,0.0,1.0,0.0,0.0,0.0,1.2,0.0,45.9,142.4,0.0,0.0,0.0,0.0,0.0,0.0,0.0,1.0,0.0,0.0,0.0,0.0,1.0,1.0,5639.1,50.0,1514.0,353.3512405624131,549.8023628958769,679.5,166447078.72788298,13.5,26.26313511769981,773.9576776101501,302287.57846793893,1.0,244.6,Recon-PingSweep
1778.8419198751449,140.3,3.8,51.2,0.0006521534057586,0.0006521534057586,0.0,0.0,0.0,0.0,0.0,0.0,0.0,0.0,0.0,0.0,0.0,0.0,0.0,0.0,0.0,0.0,0.0,0.0,0.0,0.0,0.0,0.0,0.0,0.0,0.0,1.0,1.0,1585.7,60.0,199.0,103.1653698047738,41.92837125695711,86.8,166447963.5673628,13.5,14.34739115697929,59.33380642389441,1762.7167383204803,1.0,244.6,Recon-PingSweep
12.756351137161255,3801.1,5.8,43.9,19.62650206997949,19.62650206997949,0.0,0.0,0.0,0.0,0.0,0.0,0.0,0.0,0.0,0.4,0.0,17.3,34.2,0.0,0.0,0.0,0.0,0.0,0.0,0.0,0.0,0.0,0.0,0.0,0.0,1.0,1.0,464.2,60.0,164.4,77.63952380952381,34.19502264662872,87.6,0.0060189008712768,5.5,12.39850845300733,48.35906479251746,2174.129648526077,0.8,38.5,Recon-PingSweep
903.6360330820085,2063.7,9.3,116.7,7.781091568840438,7.781091568840438,0.0,0.0,0.0,0.0,0.0,1.0,0.0,0.0,0.0,0.0,0.0,5.5,10.9,0.0,0.0,0.0,0.0,0.0,0.0,0.0,1.0,0.0,0.0,0.0,0.0,1.0,1.0,2242.2,46.0,343.2,143.58358490236972,94.53841846960265,160.6,166447963.4024387,13.5,16.962802776510784,133.84000289791192,8976.029090818145,1.0,244.6,Recon-PingSweep
3576.404781126976,9718.1,14.8,61.9,16.84998496991033,16.84998496991033,0.0,0.0,0.0,0.0,0.0,0.0,0.0,0.0,0.0,0.1,0.0,0.1,0.1,0.0,0.0,0.0,0.0,0.0,0.0,0.0,0.0,1.0,0.0,0.0,0.0,1.0,1.0,308.0,47.2,73.8,54.463968253968254,9.100000393385614,62.9,0.0081376791000366,5.5,10.425472176263993,12.869343973926432,135.16275258251449,0.9,38.5,Recon-PingSweep
8.435006904602051,102869.0,6.0,55.7,81.06369641039628,81.06369641039628,0.0,0.0,0.0,0.0,0.0,1.0,0.0,0.0,0.0,1.8,0.0,25.0,152.1,0.0,1.0,0.0,0.0,0.0,0.0,0.0,1.0,0.0,0.0,0.0,0.0,1.0,1.0,1795.8,66.0,638.8,227.49650793650795,249.46549872121835,638.0,0.0075236082077026,5.5,19.026840437000484,352.797491635715,157170.47786747292,0.6,38.5,Recon-PingSweep
30.56183660030365,4950.6,6.0,60.6,13.717780929210198,13.717780929210198,0.0,0.0,0.0,0.0,1.0,1.0,0.0,0.0,0.0,1.1,0.0,7.0,12.5,0.0,0.0,0.0,0.0,0.0,0.0,0.0,1.0,0.0,0.0,0.0,0.0,1.0,1.0,5287.2,66.0,1538.0,338.6707428837073,461.0995769746556,394.4,166447970.0299354,13.5,25.86284838575249,648.6116269203461,211009.05633725665,1.0,244.6,Recon-PingSweep
6.954440402984619,91945.1,6.0,79.8,64.50462649694757,64.50462649694757,0.0,0.0,0.0,0.0,0.0,1.0,0.0,0.0,0.0,1.6,0.0,7.7,93.9,0.0,1.0,0.0,0.0,0.0,0.0,0.0,1.0,0.0,0.0,0.0,0.0,1.0,1.0,9531.1,66.0,1494.0,591.8729377618426,660.0320021631479,1075.4,166447967.55758178,13.5,34.104189020879794,933.2910386351102,437065.9349354064,1.0,244.6,Recon-PingSweep
895.5886075496674,904.4,3.5,43.3,32.91323418246721,32.91323418246721,0.0,0.0,0.0,0.0,0.0,0.0,0.0,0.0,0.5,0.6,0.0,0.6,2.4,0.0,0.0,0.0,0.0,0.0,0.0,0.0,0.0,0.0,0.0,1.0,0.0,0.0,0.0,354.8,60.0,80.0,62.72142857142857,6.383683219711287,78.8,0.0119277000427246,5.5,11.190657696534505,9.027891387209248,258.32169387755096,0.6,38.5,Recon-PingSweep
3667.717124819756,18615.4,10.4,97.2,4.186069445618749,4.186069445618749,0.0,0.0,0.0,0.0,0.0,0.0,0.0,0.0,0.0,0.2,0.0,59.2,118.7,0.0,0.0,0.0,0.0,0.0,0.0,0.0,1.0,0.0,0.0,0.0,0.0,1.0,1.0,1950.9,50.0,330.0,122.76194511456896,93.1868567890908,186.7,166447972.83837092,13.5,15.646753112533116,132.03763439113072,8972.643555001297,1.0,244.6,Recon-PingSweep
3595.93117120266,5507.4,10.4,78.7,16.16018337933505,16.16018337933505,0.0,0.0,0.0,0.0,0.0,1.0,0.0,0.0,0.1,1.0,0.0,15.6,32.1,0.0,1.0,0.0,0.0,0.0,0.0,0.0,1.0,0.0,0.0,0.0,0.0,1.0,1.0,1652.8,55.8,308.3,107.0592722172908,73.17235274462841,100.6,166447966.1458407,13.5,14.642302729237205,103.59805262691972,5430.024456911844,1.0,244.6,Recon-PingSweep
62.37910647392273,28408.7,6.0,95.0,12.863978510860672,12.863978510860672,0.0,0.0,0.0,0.0,0.0,1.0,0.0,0.0,0.2,0.8,0.0,101.0,211.7,0.0,1.0,0.0,0.0,0.0,0.0,0.0,1.0,0.0,0.0,0.0,0.0,1.0,1.0,548.7,75.0,188.2,103.42349206349206,42.6967939742335,113.0,0.0149097204208374,5.5,14.317211968543692,60.38238510821086,2278.6924177374653,0.9,38.5,Recon-PingSweep
1811.340703034401,6628.7,7.1,74.5,23.37534384000317,23.37534384000317,0.0,0.0,0.0,0.0,0.0,1.0,0.0,0.0,0.3,1.6,0.0,5.3,15.2,0.0,1.0,0.0,0.0,0.0,0.0,0.0,1.0,0.0,0.0,0.0,0.0,1.0,1.0,1159.6,66.0,606.9,219.6720634920635,208.8618180297869,177.4,0.0156382083892822,5.5,20.592760364240625,295.37521571962606,49658.32828281684,0.9,38.5,Recon-PingSweep
6.533460402488709,239.8,1.7,6.4,12.611759108209132,12.611759108209132,0.0,0.0,0.0,0.0,0.0,0.0,0.0,0.0,0.0,0.0,0.0,0.0,0.0,0.0,0.0,0.0,0.0,0.0,0.0,0.0,0.0,0.0,0.0,1.0,0.0,0.0,0.0,1024.8,60.0,154.8,65.4696018231854,22.074221896257185,75.8,166447074.6890513,13.5,11.439520475759096,31.337250606385084,819.7464166669255,0.6,244.6,Recon-PingSweep
11.745353174209594,5031.0,7.1,62.4,41.09542324860881,41.09542324860881,0.0,0.0,0.0,0.0,0.0,1.0,0.0,0.0,0.6,1.0,0.0,11.4,23.8,0.0,0.0,0.0,0.0,0.0,0.0,0.0,1.0,0.0,0.0,0.0,0.0,1.0,1.0,11210.9,66.0,3322.0,743.3789196153863,1284.9728731424675,147.2,166447070.9731337,13.5,38.534488150481295,1820.5088690743075,1666046.80790435,1.0,244.6,Recon-PingSweep
2687.0129945516587,6486.1,7.7,75.0,6.663340928829103,6.663340928829103,0.0,0.0,0.0,0.0,0.0,0.0,0.0,0.0,0.3,0.6,0.0,0.5,1.6,0.0,0.0,0.0,0.0,0.0,0.0,0.0,0.0,0.0,0.0,0.0,0.0,1.0,1.0,1341.4,50.0,217.8,85.47075763632651,42.80240836809223,100.9,166447963.78525382,13.5,13.079411837707124,60.65916061034816,2161.8555057212234,1.0,244.6,Recon-PingSweep
4.182577061653137,264.1,3.0,32.0,23.93600114918777,23.93600114918777,0.0,0.0,0.0,0.0,0.0,0.0,0.0,0.0,0.0,0.4,0.0,1.7,3.0,0.0,0.0,0.0,0.0,0.0,0.0,0.0,0.0,0.0,0.0,0.0,0.0,0.0,0.0,1233.2,60.0,256.1,79.01839917993944,50.276901938717685,89.2,166447964.4103185,13.5,12.575355614074066,71.30266750669671,2659.560422416956,1.0,244.6,Recon-PingSweep
7.9404278039932255,2584.8,2.3,31.9,1.2345132229551576,1.2345132229551576,0.0,0.0,0.0,0.0,0.0,0.0,0.0,0.0,0.0,0.0,0.0,10.8,21.5,0.0,0.0,0.0,0.0,0.0,0.0,0.0,0.0,0.0,0.0,1.0,0.0,0.0,0.0,549.2,69.6,202.4,110.12420634920636,52.24496030302392,85.0,0.0063527822494506,5.5,14.766923651173316,73.88553142618038,3062.7299341773746,0.9,38.5,Recon-PingSweep
16.48427197933197,797.1,7.6,48.2,17.377613657374326,17.377613657374326,0.0,0.0,0.0,0.0,0.0,1.0,0.0,0.0,0.1,1.0,0.0,4.5,8.9,0.0,0.0,0.0,0.0,0.0,0.0,0.0,1.0,0.0,0.0,0.0,0.0,1.0,1.0,1428.6,46.0,296.4,92.01674398314104,66.62410323702605,92.6,166447076.473509,13.5,13.570883777178253,94.41367174852788,4545.500149566053,1.0,244.6,Recon-PingSweep
1802.714141011238,8988.5,9.3,99.6,15.309469095459855,15.309469095459855,0.0,0.0,0.0,0.0,0.0,1.0,0.0,0.0,0.0,0.9,0.0,26.2,53.3,0.0,0.0,0.0,0.0,0.0,0.0,0.0,1.0,0.0,0.0,0.0,0.0,1.0,1.0,879.1,78.6,283.8,156.85317460317464,75.32047639346715,206.4,0.0146408796310424,5.5,17.651863303560816,106.51923924004376,7659.584169060216,0.9,38.5,Recon-PingSweep
39.67481343746185,13282.6,5.3,79.2,3.514464626880672,3.514464626880672,0.0,0.0,0.0,0.0,0.0,1.0,0.0,0.0,0.0,0.0,0.0,56.6,112.2,0.0,1.0,0.0,0.0,0.0,0.0,0.0,1.0,0.0,0.0,0.0,0.0,1.0,1.0,1298.4,60.0,240.6,82.76037269747795,48.00699844949873,118.4,166447075.1126579,13.5,12.764721717070085,64.41453405415257,2076.186675266684,1.0,244.6,Recon-PingSweep
9.539104795455932,34269.0,5.4,65.5,47.73452193343236,47.73452193343236,0.0,0.0,0.0,0.0,0.0,1.0,0.0,0.0,0.0,1.4,0.0,42.7,106.3,0.0,1.0,0.0,0.0,0.0,0.0,0.0,1.0,0.0,0.0,0.0,0.0,1.0,1.0,15530.2,88.0,1494.0,1036.0092290312027,615.6254331842736,217.2,166447966.5353308,13.5,45.43415462400047,870.3099057327211,389777.2961337301,1.0,244.6,Recon-PingSweep
19.80739233493805,107126.3,7.1,64.0,19.831432101002463,19.831432101002463,0.0,0.0,0.0,0.0,0.0,1.0,0.0,0.0,0.5,1.7,0.0,16.5,125.4,0.0,0.0,0.0,0.0,0.0,0.0,0.0,1.0,0.0,0.0,0.0,0.0,1.0,1.0,1129.7,96.2,508.6,193.73746031746032,153.16967679369222,391.6,0.0040798902511596,5.5,19.27686745680412,216.6146342659431,56074.63011010331,0.9,38.5,Recon-PingSweep
0.1041413068771362,281.5,7.0,55.9,64.47760381256761,64.47760381256761,0.0,0.0,0.0,0.0,0.0,1.0,0.0,0.0,0.2,0.8,0.0,0.4,1.8,0.0,0.0,0.0,0.0,0.0,0.0,0.0,1.0,0.0,0.0,0.0,0.0,1.0,1.0,1359.7,46.0,238.7,88.07643193064246,51.39780899860354,91.8,166447068.7309406,13.5,13.18039096980652,69.5240336270808,2428.759401835793,1.0,244.6,Recon-PingSweep
48.84211800098419,193356.8,7.1,81.2,25.77444032193775,25.77444032193775,0.0,0.0,0.0,0.0,0.0,1.0,0.0,0.0,0.0,1.2,0.0,126.1,404.6,0.0,1.0,0.0,0.0,0.0,0.0,0.0,1.0,0.0,0.0,0.0,0.0,1.0,1.0,3633.6,66.0,872.0,216.4013480585461,261.7707075196693,580.8,166447079.45273957,13.5,20.23460624897168,371.4184475478023,112625.90426245931,1.0,244.6,Recon-PingSweep
53.70497090816498,85414.2,10.4,99.4,36.06993027502877,36.06993027502877,0.0,0.0,0.0,0.0,0.0,1.0,0.0,0.0,0.0,1.0,0.0,38.8,140.0,0.0,1.0,0.0,0.0,0.0,0.0,0.0,1.0,0.0,0.0,0.0,0.0,1.0,1.0,4983.8,50.0,1514.0,315.92404910019457,540.19275126875,512.0,166447078.741064,13.5,24.85624468915121,758.7993165778271,289157.4370182796,1.0,244.6,Recon-PingSweep
1.6893302917480468,157994.6,6.0,52.1,108.62151134295388,108.62151134295388,0.0,0.0,0.0,0.0,0.0,1.0,0.0,0.0,0.0,2.0,0.0,8.0,182.5,0.0,1.0,0.0,0.0,0.0,0.0,0.0,1.0,0.0,0.0,0.0,0.0,1.0,1.0,16127.6,66.0,1514.0,1066.9389841887555,622.9508740734021,494.4,166447966.9762052,13.5,46.18117019155396,880.2498835627673,392244.0677957814,1.0,244.6,Recon-PingSweep
14.228801679611204,19560.2,6.0,59.2,34.72075799977286,34.72075799977286,0.0,0.0,0.0,0.0,0.0,1.0,0.0,0.0,0.0,1.3,0.0,29.4,68.1,0.0,1.0,0.0,0.0,0.0,0.0,0.0,1.0,0.0,0.0,0.0,0.0,1.0,1.0,9270.4,66.0,1494.0,599.3840841159185,683.8812473698224,516.0,166447966.88606107,13.5,34.68959424294085,968.1855066488166,468778.92261823965,1.0,244.6,Recon-PingSweep
11.774526023864746,70528.4,6.0,63.6,66.34051223977971,66.34051223977971,0.0,0.0,0.0,0.0,0.0,1.0,0.0,0.0,0.0,1.8,0.0,39.3,137.9,0.0,1.0,0.0,0.0,0.0,0.0,0.0,1.0,0.0,0.0,0.0,0.0,1.0,1.0,6789.0,66.0,1351.2,1075.743333333333,495.8031592982492,1351.2,0.0024250030517578,5.5,44.88253910236266,701.1715521470121,281244.3638888889,0.9,38.5,Recon-PingSweep
907.6752147197724,1677.4,9.3,85.0,26.566072277157605,26.566072277157605,0.0,0.0,0.0,0.0,0.0,1.0,0.0,0.0,0.6,1.1,0.0,1.6,4.3,0.0,0.0,0.0,0.0,0.0,0.0,0.0,1.0,0.0,0.0,0.0,0.0,1.0,1.0,523.4,66.0,188.8,93.7256746031746,45.85105874158002,99.9,0.0169219017028808,5.5,13.64529107639142,64.8431891215079,2559.518343332704,0.9,38.5,Recon-PingSweep
2682.847386598587,1025.3,6.0,89.0,63.12942080268435,63.12942080268435,0.0,0.0,0.0,0.0,0.0,1.0,0.0,0.0,0.0,0.0,0.0,0.9,6.6,0.0,0.0,0.0,0.0,0.0,0.0,0.0,1.0,0.0,0.0,0.0,0.0,1.0,1.0,487.5,51.6,162.9,85.35908730158731,35.40022286578525,84.7,0.0113352060317993,5.5,13.034024661939153,50.06347528782366,1653.4639890243132,0.9,38.5,Recon-PingSweep
1788.1833429336548,503.5,4.2,46.4,23.39360520328161,23.39360520328161,0.0,0.0,0.0,0.0,0.0,1.0,0.0,0.0,0.4,1.0,0.0,1.3,5.3,0.0,1.0,0.0,0.0,0.0,0.0,0.0,1.0,0.0,0.0,0.0,0.0,1.0,1.0,349.5,57.6,72.3,64.56670634920636,5.123478284346454,62.5,0.0136738061904907,5.5,11.361680256470738,7.245692476246792,30.64195104245401,0.9,38.5,Recon-PingSweep
10.821171164512634,455894.0,7.1,64.0,64.20377331849959,64.20377331849959,0.0,0.0,0.0,0.0,0.0,1.0,0.0,0.0,0.0,1.8,0.0,37.9,491.4,0.0,1.0,0.0,0.0,0.0,0.0,0.0,1.0,0.0,0.0,0.0,0.0,1.0,1.0,8839.7,46.0,2412.0,529.427857042768,695.4436175628559,1454.1,166447079.70351237,13.5,31.452039294852664,986.440851185878,552671.0693419784,1.0,244.6,Recon-PingSweep
0.6573565006256104,355.1,5.8,32.7,16.97010995344947,16.97010995344947,0.0,0.0,0.0,0.0,0.0,0.0,0.0,0.0,0.5,0.6,0.0,0.8,3.0,0.0,0.0,0.0,0.0,0.0,0.0,0.0,0.0,0.0,0.0,0.0,0.0,1.0,1.0,1350.2,54.0,214.0,88.01109684905738,50.73550312053825,62.0,166447068.76482943,13.5,13.27099220829869,71.87935410643865,2595.156001258596,1.0,244.6,Recon-PingSweep
926.6987541913986,1776.1,6.6,59.6,12.860464308152933,12.860464308152933,0.0,0.0,0.0,0.0,0.0,1.0,0.0,0.0,0.2,0.8,0.0,4.2,9.6,0.0,0.0,0.0,0.0,0.0,0.0,0.0,1.0,0.0,0.0,0.0,0.0,1.0,1.0,1630.7,55.2,361.0,102.77936942529436,75.87416016061654,154.2,166447969.3001753,13.5,14.230639036481586,106.18120469709748,6426.116967253386,1.0,244.6,Recon-PingSweep
1.636312985420227,154423.4,6.0,56.0,104.19162647943472,104.19162647943472,0.0,0.0,0.0,0.0,0.0,1.0,0.0,0.0,0.0,2.0,0.0,8.0,169.5,0.0,1.0,0.0,0.0,0.0,0.0,0.0,1.0,0.0,0.0,0.0,0.0,1.0,1.0,12929.4,1351.2,7206.0,3175.016666666667,2128.7130851211377,1779.6,0.0030380964279174,5.5,77.06738739627447,3010.4549153793864,5071717.611888889,0.9,38.5,Recon-PingSweep
1798.334045934677,114361.4,8.2,73.5,90.49699789728444,90.49699789728444,0.0,0.0,0.0,0.0,0.0,1.0,0.0,0.0,0.0,1.6,0.0,6.4,127.6,0.0,1.0,0.0,0.0,0.0,0.0,0.0,1.0,0.0,0.0,0.0,0.0,1.0,1.0,12250.8,50.8,2922.0,810.8901185944259,1015.777991603074,507.6,166447966.770999,13.5,40.23644134012101,1439.2180893770285,1037712.7842832038,1.0,244.6,Recon-PingSweep
5411.615419721604,1180.6,13.1,80.3,3.9279269986593457,3.9279269986593457,0.0,0.0,0.0,0.0,0.0,0.0,0.0,0.0,0.0,0.1,0.0,0.8,1.2,0.0,0.0,0.0,0.0,0.0,0.0,0.0,0.0,1.0,0.0,0.0,0.0,1.0,1.0,476.2,73.8,96.8,88.28563492063492,8.395272478132089,81.0,0.0142772912979125,5.5,13.283145423781937,11.872708198391985,98.29476184177376,0.9,38.5,Recon-PingSweep
5.112875819206238,53374.9,6.0,73.1,55.57457848095429,55.57457848095429,0.0,0.0,0.0,0.0,0.0,1.0,0.0,0.0,0.1,1.6,0.0,22.4,99.5,0.0,1.0,0.0,0.0,0.0,0.0,0.0,1.0,0.0,0.0,0.0,0.0,1.0,1.0,8878.5,66.0,1494.0,586.4709155778003,650.7378321469995,161.6,166447966.612773,13.5,34.24827374046147,921.4506475760066,425527.6720539704,1.0,244.6,Recon-PingSweep
